use playdata;

insert into users (id,authority,declaration,name,email,img_url) values("000000000000000000001","DEFAULT",0,"안소율","test2@gmail.com","https://i.stack.imgur.com/34AD2.jpg");
insert into users (id,authority,declaration,name,email,img_url) values("000000000000000000002","DEFAULT",0,"김서윤","test3@gmail.com","https://i.stack.imgur.com/34AD2.jpg");
insert into users (id,authority,declaration,name,email,img_url) values("000000000000000000003","DEFAULT",0,"이지우","test4@gmail.com","https://i.stack.imgur.com/34AD2.jpg");
insert into users (id,authority,declaration,name,email,img_url) values("000000000000000000004","DEFAULT",0,"최서현","test5@gmail.com","https://i.stack.imgur.com/34AD2.jpg");
insert into users (id,authority,declaration,name,email,img_url) values("000000000000000000005","DEFAULT",0,"박하은","test6@gmail.com","https://i.stack.imgur.com/34AD2.jpg");
insert into users (id,authority,declaration,name,email,img_url) values("000000000000000000006","DEFAULT",0,"이민서","test7@gmail.com","https://i.stack.imgur.com/34AD2.jpg");
insert into users (id,authority,declaration,name,email,img_url) values("000000000000000000007","DEFAULT",0,"신윤서","test8@gmail.com","https://i.stack.imgur.com/34AD2.jpg");
insert into users (id,authority,declaration,name,email,img_url) values("000000000000000000008","DEFAULT",0,"곽준우","test9@gmail.com","https://i.stack.imgur.com/34AD2.jpg");
insert into users (id,authority,declaration,name,email,img_url) values("000000000000000000009","DEFAULT",0,"강다은","test10@gmail.com","https://i.stack.imgur.com/34AD2.jpg");
insert into users (id,authority,declaration,name,email,img_url) values("000000000000000000010","DEFAULT",0,"안예은","test11@gmail.com","https://i.stack.imgur.com/34AD2.jpg");
insert into users (id,authority,declaration,name,email,img_url) values("000000000000000000011","DEFAULT",0,"안지아","test12@gmail.com","https://i.stack.imgur.com/34AD2.jpg");
insert into users (id,authority,declaration,name,email,img_url) values("000000000000000000012","DEFAULT",0,"이예린","test13@gmail.com","https://i.stack.imgur.com/34AD2.jpg");
insert into users (id,authority,declaration,name,email,img_url) values("000000000000000000013","DEFAULT",0,"김민지","test14@gmail.com","https://i.stack.imgur.com/34AD2.jpg");
insert into users (id,authority,declaration,name,email,img_url) values("000000000000000000014","DEFAULT",0,"박민아","test15@gmail.com","https://i.stack.imgur.com/34AD2.jpg");
insert into users (id,authority,declaration,name,email,img_url) values("000000000000000000015","DEFAULT",0,"고민재","test16@gmail.com","https://i.stack.imgur.com/34AD2.jpg");

insert into clubs (id, address_detail, address_street,  club_status, contents, created_at, description, end_date, img_url, likes, max_personnel, min_personnel, start_date, tags, title, updated_at, user_id) values(null, null, "서울 마포구 월드컵로 240", "ACTIVE", "같이 축구하실분 아무나 모이세요!","2022-07-20 12:40:30.736347","초보도 고수도 모두 환영합니다! 같이 즐겁게 축구하실 긍정적인분 구해요!", "2022-07-27","https://velog.velcdn.com/images/zolyer/post/d8620848-232a-47c5-a6db-2283b9fe4d28/image.jpeg",17,14,8,"2022-08-01","축구","축구하실분 모집합니다","2022-07-20 12:40:30.736347","000000000000000000001");
insert into clubs (id, address_detail, address_street,  club_status, contents, created_at, description, end_date, img_url, likes, max_personnel, min_personnel, start_date, tags, title, updated_at, user_id) values(null, null, "서울 영등포구 여의도동 85", "ACTIVE", "저녁에 한강에서 소소하게 이야기하며 같이 조깅하실분들 구합니다~","2022-07-19 16:20:10.736347","혼자 운동하기 심심해서 글 올려봅니다! 요즘 날이 더우니까 시간대는 해지고 저녁에 모일까해요 한강공원에서 같이 소소하게 이야기하며 산책하실 분들 신청해주세요!", "2022-07-25","https://velog.velcdn.com/images/zolyer/post/d8620848-232a-47c5-a6db-2283b9fe4d28/image.jpeg",7,6,2,"2022-07-29","조깅","같이 조깅하실분?","2022-07-19 16:20:10.736347","000000000000000000002");
insert into clubs (id, address_detail, address_street,  club_status, contents, created_at, description, end_date, img_url, likes, max_personnel, min_personnel, start_date, tags, title, updated_at, user_id) values(null, null, null, "ACTIVE", "숨쉬기 운동 30년 장인 입니다. 강의해드려요","2022-07-18 08:44:44.736347","운동은 뭔 운동이여 그냥 집에서 숨쉬기 운동이나 합시다", "2022-07-23","https://search.pstatic.net/common/?src=http%3A%2F%2Fcafefiles.naver.net%2F20160229_277%2Fdulos3271_1456751295409ERIsN_JPEG%2F777c0cc9-7302-49a4-a19d-da7a2152a74a.jpeg&type=sc960_832",0,99,2,"2022-08-27","숨쉬기","숨쉬기운동 30년차의 비법전수","2022-07-18 08:44:44.736347","000000000000000000004");
insert into clubs (id, address_detail, address_street,  club_status, contents, created_at, description, end_date, img_url, likes, max_personnel, min_personnel, start_date, tags, title, updated_at, user_id) values(null, null, "서울 구로구 경인로 430", "ACTIVE", "제가 1994년 LA에 있었을때 정말 제가 꿈의 무대인 메이저리그로 진출해서 가는 식당마다","2022-06-20 12:40:30.736347","제가 LA에 있을때는 말이죠 정말 제가 꿈에 무대인 메이저리그로 진출해서 가는 식당마다 싸인해달라 기자들은 항상 붙어다니며 취재하고 제가 그 머~ 어~ 대통령이 된 기분이였어요 그런데 17일만에 17일만에 마이너리그로 떨어졌어요 못던져서 그만두고 그냥 확 한국으로 가버리고 싶었어요 그래서 집에 가는길에 그 맥주6개 달린거 있잖아요 맥주6개 그걸 사가지고 집으로 갔어요 그전에는 술먹으면 야구 못하는줄 알았어요 그냥 한국으로 가버릴려구.... 그리고 맥주 6개먹고 확 죽어버릴려고 그랬어요 야구 못하게 되니깐 그러나 집에가서 일단은 부모님에게 전화를 해야겠다고 생각을 했어요 다음날 가려고 전화를 딱 했는데 어머니께서 찬호야 어후~ 찬호야 아들 잘있어 밥은 먹고 다니는겨~ 잘지내는겨 대뜸 그러시는 거에요 내가 말도 하기도 전해 그래서 저는 야구좀 안되지만 잘하고 있다고 여기사람들 잘챙겨준다고 라고 거짓말을  했어요 한국은 못가게 됬지 내일 야구장은 가야하지 막막하더라구요 그럼 어떻게 가야하나 생각을 했어요 그리고 나서 영어공부를 하게 됬는데요 영어... 감독한테 이야기를 못해서 한이 맺힌거지 그래서 이야기 할려고 한 단어씩 한 문장씩 만들어서 그래서 다음날 써 먹었어요 그리고 감독에게 Hey How are you라고 말했어요 이렇게 해서 영어공부를 하는거에요 그리고 마이너생활하다. 이제 메이저리그로 콜업이 됬어요 너무 긴장이 되더라구요 막상 콜업되니깐 콜업전에 그소식을 듣고 정말 기분이 미칠듯이 좋았는데 막상 콜업되고 2회때 갑작스럽게 마운드에 올라서니깐 긴장이 되더라구요 그리고 공을 던졌어요 역시 아니나 다를까 볼넷을 줬어요 그리고 나서 코치님이 딱 올라오는거에요 아 또 내려가는구나 라고 생각했는데 긴장하지 말고 편한하게 던져라 말하고 마운드를 내려가는 거에요 긴장이 한결 풀리더니 갑자기 포수 글러브쏙으로 잘들어가는거에요 어 된다. 이거 된다. 하고 속으로 생각했어요 그리고 직구 또 직구 던지고 새미 소사를 삼진잡았어요 정말 그때 기분은 말로 표현할수가 없는거에요  이때부터 자신감이 붙은거에요 그리고 3회말에 만루의 위기가 있었는데 소사를 다시 삼진 처리하고 큰 위기를 넘기고 정말 그때 삼진 7개를 잡아내고 기분이 하늘로 날아갈것 같았어요 그리고 한국으로 왔는데 많은 사람들이 막 환호하고 그.. 뭐~ 영웅이다. 정말 대단하다. 라고 말했어요 그때 정말 이 눈물이 나더라구요 그리고 텍사스로 제가 이적을 했어요 하지만 못던졌어요 그리고 많은 사람들이 저를 보고 막 매국노 또 야구 때려쳐라 그러는거에요 그리고 한국으로 갔는데 이 계란이 날라오는거에요 그때 정말 확 죽어버리고 싶었어요 야구는 안되지 사람들은 날 싫어하지 정말 절망적이더라구요 너무 힘들어서 그냥 이대로 죽었으면 하는 안좋은 생각까지 할려고 그랬어요 그리고 2005년 도중에 샌디에이고로 트레이드 된거에요 그리고 2006년 대망의  제1회 WBC에 참가하게 되죠 그때 저는 선발투수가 아니였어요 감독님께서 찬호야 마무리투수로써 활약하면 좋을것 같은데 어떻게 생각하니라고 물어보시는거에요 그래서 저는 어후 전 괜찮습니다. 팀에 도움이 될수만 있다면 보직을 변경하겠습니다. 라고 말을했어요 그리고 저희 팀이 4강에 진출을 하게됬어요 어후 기분정말 끝내주더라구요 그리고 뉴욕메츠로 가다가 그리고 친정팀인 LA로 다시 갔어요 이때 정말 선수들이 반겨주더라구요 제가 맞히 집나간 강아지 처럼 반겨주더라구요 너무 좋았어요 그리고 시즌이 끝나고 필라델피아로 갔어요 이듬해에 저희팀이 월드시리즈라는 무대에 갑니다. 야 그때 기분정말 말로표현할수가 없을정도 였는데요 그리고 뉴욕양키스와 만났었고 페드로 마르티네즈 다음으로 바로 등판했어요 긴장이 되더라구요 제가 이닝을 마무리 지어야하는데 그렇지 못하고 결국 1실점하고 내려왔어요 아쉽게 준우승을 했지만 정말 좋은 경험이였다고 생각했고요 2010년때는 뉴욕양키스와 피츠버그로 이적을했는데 피츠버그때 제가 일본투수인 노모히데오의 123승과 타이기록을 세웠고 마침내 124승의 아시아 최다승을 거두었어요 그때 ", "2022-06-21","https://search.pstatic.net/common/?src=http%3A%2F%2Fblogfiles.naver.net%2FMjAyMTA2MTZfMTg4%2FMDAxNjIzODUxMjgxOTIw.h7vXBuMfhVsjFPZ26-8hbjEUJt4DKBvCI5dSHmd2XDYg.3PvpQwL7ZDIVPkwqwxfI_zV0uLIdsulMpT_1d1SQsK8g.JPEG.dudrms606%2F20210616_224441.jpg&type=sc960_832",77,18,9,"2022-07-01","야구","찬호박의 야구교실","2022-06-20 12:40:30.736347","000000000000000000005");
insert into clubs (id, address_detail, address_street,  club_status, contents, created_at, description, end_date, img_url, likes, max_personnel, min_personnel, start_date, tags, title, updated_at, user_id) values(null, null, "서울 노원구 화랑로 727", "ACTIVE", "저희 동네는 이미 접수 했습니다 덤비세요","2022-07-02 21:04:03.736347","전국 제패를 목표로 하고 있습니다. 자신 있는 분들 신청하세요.", "2022-07-11","https://velog.velcdn.com/images/zolyer/post/d8620848-232a-47c5-a6db-2283b9fe4d28/image.jpeg",2,2,2,"2022-08-01","탁구","탁구 고수 모십니다","2022-07-02 21:04:03.736347","000000000000000000006");
insert into clubs (id, address_detail, address_street,  club_status, contents, created_at, description, end_date, img_url, likes, max_personnel, min_personnel, start_date, tags, title, updated_at, user_id) values(null, null, null, "EXPIRED", "쇠질을 사랑하는 자 오라","2021-05-11 12:40:30.736347","무게를 쳐야 로망입니다! 그것이 인생의 진리", "2022-07-01","https://blog.kakaocdn.net/dn/bJki6t/btqLGYJGgHp/ri9KiydW0Rq2muqzenXZAK/img.jpg",20,10,5,"2022-06-22","헬스","쇠질 동호회","2022-03-21 12:40:30.736347","000000000000000000006");
insert into clubs (id, address_detail, address_street,  club_status, contents, created_at, description, end_date, img_url, likes, max_personnel, min_personnel, start_date, tags, title, updated_at, user_id) values(null, null, null, "ACTIVE", "당신도 제 2의 김연아?!","2022-04-30 12:40:30.736347","아름다운 피겨의 세계에 당신을 초대합니다", "2022-10-01","https://cdn.salgoonews.com/news/photo/202202/16486_40226_5730.jpg",30,20,8,"2022-06-01","피겨","고고한 백조","2022-06-03 12:40:30.736347","000000000000000000007");
insert into clubs (id, address_detail, address_street,  club_status, contents, created_at, description, end_date, img_url, likes, max_personnel, min_personnel, start_date, tags, title, updated_at, user_id) values(null, null, null, "ACTIVE", "누군가을 업어치기 메치기하고 싶으신가요?","2021-07-01 12:40:30.736347","직장 스트레스, 유도로 업어치기 메치기하며 풀어보세요", "2022-12-20","https://img.freepik.com/premium-vector/judo-logo-illustration_288067-916.jpg",15,40,20,"2022-08-05","유도","내일은 유도왕","2022-07-11 12:40:30.736347","000000000000000000008");
insert into clubs (id, address_detail, address_street,  club_status, contents, created_at, description, end_date, img_url, likes, max_personnel, min_personnel, start_date, tags, title, updated_at, user_id) values(null, null, null, "EXPIRED", "달려라 왕바우!","2021-02-10 12:40:30.736347","야생마처럼 그저 달리며 행복해집시다!!", "2022-07-20","https://image.shutterstock.com/image-vector/creative-wordmark-logo-r-run-600w-1260785050.jpg",4,10,8,"2022-06-01","러닝","왕바우 모임","2022-06-10 12:40:30.736347","000000000000000000009");
insert into clubs (id, address_detail, address_street,  club_status, contents, created_at, description, end_date, img_url, likes, max_personnel, min_personnel, start_date, tags, title, updated_at, user_id) values(null, null, null, "ACTIVE", "칼로리 소모엔! 테테테테 테니스","2022-02-22 12:40:30.736347","테니스 코드를 가르는 멋진 자신을 상상해보세요", "2022-09-18","https://previews.123rf.com/images/mihmihmal/mihmihmal1507/mihmihmal150700042/43529532-%ED%85%8C%EB%8B%88%EC%8A%A4-%EB%A1%9C%EA%B3%A0.jpg",13,14,3,"2022-03-01","테니스","테니스의 왕자","2022-07-10 12:40:30.736347","000000000000000000010");
insert into clubs (id, address_detail, address_street,  club_status, contents, created_at, description, end_date, img_url, likes, max_personnel, min_personnel, start_date, tags, title, updated_at, user_id) values(null, null, null, "ACTIVE", "탁구치실 분? 2대 2도 환영","2021-03-30 12:40:30.736347","아 짝사랑하는 상대가 탁구잘치는 사람이 이상형이래서 시작했는데 선수됐네요ㅋㅋ 못하셔도 가르쳐드릴 수 있으니 같이 탁구쳐요", "2022-11-11","https://velog.velcdn.com/images/zolyer/post/d8620848-232a-47c5-a6db-2283b9fe4d28/image.jpeg",11,3,1,"2022-09-11","탁구","탁구치실분 오세요","2022-06-30 12:40:30.736347","000000000000000000011");
insert into clubs (id, address_detail, address_street,  club_status, contents, created_at, description, end_date, img_url, likes, max_personnel, min_personnel, start_date, tags, title, updated_at, user_id) values(null, null, null, "ACTIVE", "당신은.지금.배드민턴이.땡긴다.","2021-04-10 10:40:30.736347","우리 모두는 배드민턴의 민족입니다. 혈관 속의 배드민턴 DNA가 느껴지십니까? 복식/단식 아.주.좋.아.", "2022-12-11","https://velog.velcdn.com/images/zolyer/post/d8620848-232a-47c5-a6db-2283b9fe4d28/image.jpeg",3,3,1,"2022-10-02","배드민턴","배드민턴 같이치실분~","2022-09-10 12:40:30.736347","000000000000000000012");
insert into clubs (id, address_detail, address_street,  club_status, contents, created_at, description, end_date, img_url, likes, max_personnel, min_personnel, start_date, tags, title, updated_at, user_id) values(null, null, null, "ACTIVE", "헬스 서로 자세 봐드려요~","2021-04-12 11:40:30.736347","ㅎㅎ...아직 3대 430 치는 헬린이지만 자세 같이 봐가면서 헬스해요!", "2022-12-9","https://velog.velcdn.com/images/zolyer/post/d8620848-232a-47c5-a6db-2283b9fe4d28/image.jpeg",12,10,1,"2022-08-21","헬스","헬스하실분 모집","2022-07-11 12:40:30.736347","000000000000000000013");
insert into clubs (id, address_detail, address_street,  club_status, contents, created_at, description, end_date, img_url, likes, max_personnel, min_personnel, start_date, tags, title, updated_at, user_id) values(null, null, null, "ACTIVE", "왼손은 거들뿐. 농구하실분 급구","2021-04-18 12:40:30.736347","슬램덩크 보고 삘받았습니다. 농구에 대한 열정만 있으면 오케이. 3:3 생각중.", "2022-11-29","https://velog.velcdn.com/images/zolyer/post/d8620848-232a-47c5-a6db-2283b9fe4d28/image.jpeg",9,5,2,"2022-09-15","농구","찐하게 농구한판 모여주세요","2022-08-30 12:40:30.736347","000000000000000000002");
insert into clubs (id, address_detail, address_street,  club_status, contents, created_at, description, end_date, img_url, likes, max_personnel, min_personnel, start_date, tags, title, updated_at, user_id) values(null, null, null, "ACTIVE", "가볍게 조깅하실 분 구해요.","2021-05-01 11:40:30.736347","서로 노 관심. 노 터치. 노 찝적거림. 그저 산뜻한 조깅을 즐길 뿐. 같이 습관만드실분 대환영. 강아지 초대대대대환영", "2022-11-28","https://velog.velcdn.com/images/zolyer/post/d8620848-232a-47c5-a6db-2283b9fe4d28/image.jpeg",15,3,1,"2022-10-18","조깅","조깅 같이하실분","2022-09-28 12:40:30.736347","000000000000000000014");
insert into clubs (id, address_detail, address_street,  club_status, contents, created_at, description, end_date, img_url, likes, max_personnel, min_personnel, start_date, tags, title, updated_at, user_id) values(null, null, null, "ACTIVE", "당신이 헬창이면 지나치지 말지어다.","2021-05-30 10:40:30.736347","새로운 자극이 필요함. ㅃㄹㅃㄹㅃㄹ 근손실 안나게 으쌰으쌰 후욱후욱하면서 같이 운동할사람 구함.", "2022-12-19","https://velog.velcdn.com/images/zolyer/post/d8620848-232a-47c5-a6db-2283b9fe4d28/image.jpeg",22,4,1,"2022-10-24","헬스","헬창모집함","2022-06-20 12:40:30.736347","000000000000000000015");

insert into comments (id, created_at, updated_at, contents, club_id, user_id) values(null, "2022-07-21 23:40:52.112728", "2022-07-21 23:40:52.112728", "안녕하세요 모임장님! 참여신청 확인 부탁드립니다~",1 ,"000000000000000000005");
insert into comments (id, created_at, updated_at, contents, club_id, user_id) values(null, "2022-07-21 23:40:52.112728", "2022-07-21 23:40:52.112728", "안녕하세요 모임장님! 참여신청 확인 부탁드립니다~", 2,"000000000000000000002");
insert into comments (id, created_at, updated_at, contents, club_id, user_id) values(null, "2022-07-21 23:40:52.112728", "2022-07-21 23:40:52.112728", "안녕하세요 모임장님! 참여신청 확인 부탁드립니다~", 6,"000000000000000000013");
insert into comments (id, created_at, updated_at, contents, club_id, user_id) values(null, "2022-07-21 23:40:52.112728", "2022-07-21 23:40:52.112728", "안녕하세요 모임장님! 참여신청 확인 부탁드립니다~", 7,"000000000000000000011");
insert into comments (id, created_at, updated_at, contents, club_id, user_id) values(null, "2022-07-21 23:40:52.112728", "2022-07-21 23:40:52.112728", "당 장 신 청 해", 3,"000000000000000000001");
insert into comments (id, created_at, updated_at, contents, club_id, user_id) values(null, "2022-07-21 23:40:52.112728", "2022-07-21 23:40:52.112728", "당 장 신 청 해",5 ,"000000000000000000007");
insert into comments (id, created_at, updated_at, contents, club_id, user_id) values(null, "2022-07-21 23:40:52.112728", "2022-07-21 23:40:52.112728", "당 장 신 청 해",10 ,"000000000000000000003");
insert into comments (id, created_at, updated_at, contents, club_id, user_id) values(null, "2022-07-21 23:40:52.112728", "2022-07-21 23:40:52.112728", "당 장 신 청 해", 13,"000000000000000000013");
insert into comments (id, created_at, updated_at, contents, club_id, user_id) values(null, "2022-07-21 23:40:52.112728", "2022-07-21 23:40:52.112728", "당 장 신 청 해", 15,"000000000000000000012");
insert into comments (id, created_at, updated_at, contents, club_id, user_id) values(null, "2022-07-21 23:40:52.112728", "2022-07-21 23:40:52.112728", "신청하러 당장 달려갑니다...", 6,"000000000000000000001");
insert into comments (id, created_at, updated_at, contents, club_id, user_id) values(null, "2022-07-21 23:40:52.112728", "2022-07-21 23:40:52.112728", "신청하러 당장 달려갑니다...", 7,"000000000000000000009");
insert into comments (id, created_at, updated_at, contents, club_id, user_id) values(null, "2022-07-21 23:40:52.112728", "2022-07-21 23:40:52.112728", "신청하러 당장 달려갑니다...", 8,"000000000000000000014");
insert into comments (id, created_at, updated_at, contents, club_id, user_id) values(null, "2022-07-21 23:40:52.112728", "2022-07-21 23:40:52.112728", "신청하러 당장 달려갑니다...", 10,"000000000000000000007");
insert into comments (id, created_at, updated_at, contents, club_id, user_id) values(null, "2022-07-21 23:40:52.112728", "2022-07-21 23:40:52.112728", "신청하러 당장 달려갑니다...", 15,"000000000000000000004");
insert into comments (id, created_at, updated_at, contents, club_id, user_id) values(null, "2022-07-21 23:40:52.112728", "2022-07-21 23:40:52.112728", "ㅎㅎ 재밌어보이네요", 1,"000000000000000000013");
insert into comments (id, created_at, updated_at, contents, club_id, user_id) values(null, "2022-07-21 23:40:52.112728", "2022-07-21 23:40:52.112728", "ㅎㅎ 재밌어보이네요", 2,"000000000000000000004");
insert into comments (id, created_at, updated_at, contents, club_id, user_id) values(null, "2022-07-21 23:40:52.112728", "2022-07-21 23:40:52.112728", "ㅎㅎ 재밌어보이네요", 5,"000000000000000000008");
insert into comments (id, created_at, updated_at, contents, club_id, user_id) values(null, "2022-07-21 23:40:52.112728", "2022-07-21 23:40:52.112728", "오!! 저한테 딱인 운동모임!! 신청했습니다~", 6,"000000000000000000003");
insert into comments (id, created_at, updated_at, contents, club_id, user_id) values(null, "2022-07-21 23:40:52.112728", "2022-07-21 23:40:52.112728", "오!! 저한테 딱인 운동모임!! 신청했습니다~", 5,"000000000000000000014");
insert into comments (id, created_at, updated_at, contents, club_id, user_id) values(null, "2022-07-21 23:40:52.112728", "2022-07-21 23:40:52.112728", "오!! 저한테 딱인 운동모임!! 신청했습니다~", 4,"000000000000000000015");
insert into comments (id, created_at, updated_at, contents, club_id, user_id) values(null, "2022-07-21 23:40:52.112728", "2022-07-21 23:40:52.112728", "오!! 저한테 딱인 운동모임!! 신청했습니다~", 3,"000000000000000000008");
insert into comments (id, created_at, updated_at, contents, club_id, user_id) values(null, "2022-07-21 23:40:52.112728", "2022-07-21 23:40:52.112728", "오!! 저한테 딱인 운동모임!! 신청했습니다~", 8,"000000000000000000012");
insert into comments (id, created_at, updated_at, contents, club_id, user_id) values(null, "2022-07-21 23:40:52.112728", "2022-07-21 23:40:52.112728", "모임장님 참여신청 확인 부탁드려요!!!", 12,"000000000000000000012");
insert into comments (id, created_at, updated_at, contents, club_id, user_id) values(null, "2022-07-21 23:40:52.112728", "2022-07-21 23:40:52.112728", "모임장님 참여신청 확인 부탁드려요!!!", 3,"000000000000000000011");
insert into comments (id, created_at, updated_at, contents, club_id, user_id) values(null, "2022-07-21 23:40:52.112728", "2022-07-21 23:40:52.112728", "모임장님 참여신청 확인 부탁드려요!!!", 6,"000000000000000000015");
insert into comments (id, created_at, updated_at, contents, club_id, user_id) values(null, "2022-07-21 23:40:52.112728", "2022-07-21 23:40:52.112728", "모임장님 참여신청 확인 부탁드려요!!!", 7,"000000000000000000004");
insert into comments (id, created_at, updated_at, contents, club_id, user_id) values(null, "2022-07-21 23:40:52.112728", "2022-07-21 23:40:52.112728", "정말 재밌어보여요~^^", 8,"000000000000000000001");
insert into comments (id, created_at, updated_at, contents, club_id, user_id) values(null, "2022-07-21 23:40:52.112728", "2022-07-21 23:40:52.112728", "정말 재밌어보여요~^^", 9,"000000000000000000007");
insert into comments (id, created_at, updated_at, contents, club_id, user_id) values(null, "2022-07-21 23:40:52.112728", "2022-07-21 23:40:52.112728", "정말 재밌어보여요~^^", 7,"000000000000000000009");
insert into comments (id, created_at, updated_at, contents, club_id, user_id) values(null, "2022-07-21 23:40:52.112728", "2022-07-21 23:40:52.112728", "정말 재밌어보여요~^^", 15,"000000000000000000004");
insert into comments (id, created_at, updated_at, contents, club_id, user_id) values(null, "2022-07-21 23:40:52.112728", "2022-07-21 23:40:52.112728", "우와~!! 저 신청할게요!!", 3,"000000000000000000009");

insert into reviews (id, created_at, updated_at, contents, img_url, club_id, user_id) values(null, "2022-07-21 23:40:52.112728", "2022-07-21 23:40:52.112728", "너무 재밌었습니다!! 다음에 또 모일때 꼭 불러주세요!!", "https://velog.velcdn.com/images/zolyer/post/d8620848-232a-47c5-a6db-2283b9fe4d28/image.jpeg", 1, "000000000000000000005");
insert into reviews (id, created_at, updated_at, contents, img_url, club_id, user_id) values(null, "2022-07-20 23:40:52.112728", "2022-07-20 23:40:52.112728", "혼자 운동하기 심심했는데 모여서 뛰니까 재밌었어요! 다음엔 저도 만들어보려구요!", "https://velog.velcdn.com/images/zolyer/post/d8620848-232a-47c5-a6db-2283b9fe4d28/image.jpeg", 2, "000000000000000000003");
insert into reviews (id, created_at, updated_at, contents, img_url, club_id, user_id) values(null, "2022-07-19 23:40:52.112728", "2022-07-19 23:40:52.112728", "역시 장인은 다르네요 저도 잘한다고 생각했는데 한 수 배워갑니다ㄷㄷ", "https://velog.velcdn.com/images/zolyer/post/d8620848-232a-47c5-a6db-2283b9fe4d28/image.jpeg", 3, "000000000000000000004");
insert into reviews (id, created_at, updated_at, contents, img_url, club_id, user_id) values(null, "2022-06-21 23:40:52.112728", "2022-06-21 23:40:52.112728", "도... 도망쳐...", "http://snaptime.edaily.co.kr/wp-content/uploads/2020/12/1111-700x467.jpg", 4, "000000000000000000002");
insert into reviews (id, created_at, updated_at, contents, img_url, club_id, user_id) values(null, "2022-07-05 23:40:52.112728", "2022-07-05 23:40:52.112728", "좀 치시네요; 좋은 승부였습니다 더 강해져서 돌아오도록하죠", "https://velog.velcdn.com/images/zolyer/post/d8620848-232a-47c5-a6db-2283b9fe4d28/image.jpeg", 5, "000000000000000000001");
insert into reviews (id, created_at, updated_at, contents, img_url, club_id, user_id) values(null, "2022-07-01 23:40:52.112728", "2022-07-02 23:40:52.112728", "역시 모임은 술자리가 최고죠!", "https://img.hankyung.com/photo/202205/99.11916145.1.jpg", 6, "000000000000000000006");
insert into reviews (id, created_at, updated_at, contents, img_url, club_id, user_id) values(null, "2022-07-18 23:40:52.112728", "2022-07-20 23:40:52.112728", "오늘 저의 턴! 넘 잘했죠?", "https://img.khan.co.kr/news/2022/02/07/2022020701000544600046251.jpg", 7, "000000000000000000007");
insert into reviews (id, created_at, updated_at, contents, img_url, club_id, user_id) values(null, "2022-05-21 23:40:52.112728", "2022-05-22 23:40:52.112728", "오 스트레스 해소 너무 잘됬네요", "https://image.imnews.imbc.com/news/2021/sports/article/__icsFiles/afieldfile/2021/07/25/k210725-30_1.jpg", 8, "000000000000000000008");
insert into reviews (id, created_at, updated_at, contents, img_url, club_id, user_id) values(null, "2022-07-20 23:40:52.112728", "2022-07-21 23:40:52.112728", "오늘이 마지막이라니 슬퍼요ㅜㅜ", "https://velog.velcdn.com/images/zolyer/post/d8620848-232a-47c5-a6db-2283b9fe4d28/image.jpeg", 9, "000000000000000000009");
insert into reviews (id, created_at, updated_at, contents, img_url, club_id, user_id) values(null, "2022-03-01 23:40:52.112728", "2022-03-21 23:40:52.112728", "저의 점프력", "https://dimg.donga.com/wps/NEWS/IMAGE/2021/12/01/110556948.1.jpg", 10, "000000000000000000010");
insert into reviews (id, created_at, updated_at, contents, img_url, club_id, user_id) values(null, "2023-01-01 22:40:52.112728", "2023-01-02 21:40:52.112728", "너...너무 힘들었어요....이 MICHIN인간들....", "https://velog.velcdn.com/images/zolyer/post/d8620848-232a-47c5-a6db-2283b9fe4d28/image.jpeg", 11, "000000000000000000011");
insert into reviews (id, created_at, updated_at, contents, img_url, club_id, user_id) values(null, "2023-01-02 22:40:52.112728", "2023-01-03 11:40:52.112728", "다들 탈인간인가요?", "https://velog.velcdn.com/images/zolyer/post/d8620848-232a-47c5-a6db-2283b9fe4d28/image.jpeg", 12, "000000000000000000012");
insert into reviews (id, created_at, updated_at, contents, img_url, club_id, user_id) values(null, "2023-01-03 22:40:52.112728", "2023-01-04 12:40:52.112728", "재미있었다", "https://velog.velcdn.com/images/zolyer/post/d8620848-232a-47c5-a6db-2283b9fe4d28/image.jpeg", 13, "000000000000000000013");
insert into reviews (id, created_at, updated_at, contents, img_url, club_id, user_id) values(null, "2023-01-04 22:40:52.112728", "2023-01-05 20:40:52.112728", "장소 바꿔서 한번 더 해요", "https://velog.velcdn.com/images/zolyer/post/d8620848-232a-47c5-a6db-2283b9fe4d28/image.jpeg", 14, "000000000000000000014");
insert into reviews (id, created_at, updated_at, contents, img_url, club_id, user_id) values(null, "2023-01-05 22:40:52.112728", "2023-01-06 14:40:52.112728", "모임 개설하신 분은 혹시 조상님이 고릴라신가요? 근육량 보고 운동하는 내내 기죽었었어요.", "https://velog.velcdn.com/images/zolyer/post/d8620848-232a-47c5-a6db-2283b9fe4d28/image.jpeg", 15, "000000000000000000015");